platform,session_id,time_since_calibration,calibration_interval,drift_magnitude,ler_baseline,ler_daqec,improvement_pct
ibm,0,1.0327939673336237,24.0,0.727,0.20194405278521804,0.2038285075926201,-0.9331568726147742
ibm,1,17.567854603473723,24.0,0.727,0.2229431106403802,0.22530241617695834,-1.058254516051784
ibm,2,3.2013831404637187,24.0,0.727,0.19166853837599587,0.20513607339224954,-7.026471391895536
ibm,3,8.623460107393726,24.0,0.727,0.20927877588770757,0.22133993512022426,-5.763202303413858
ibm,4,6.754735246921508,24.0,0.727,0.21358771030788737,0.2325178937090671,-8.862955351640704
ibm,5,5.977034196377973,24.0,0.727,0.18786543469309505,0.18786543469309505,0.0
ibm,6,16.982523318217943,24.0,0.727,0.2107383236079469,0.22093120159818444,-4.836746262250886
ibm,7,19.008822255730305,24.0,0.727,0.2106596721719891,0.2303029219603423,-9.32463702512355
ibm,8,22.232043241420214,24.0,0.727,0.20596198778782066,0.22038273937633748,-7.0016568316348256
ibm,9,6.131374170173072,24.0,0.727,0.19980186451892987,0.21072745523471073,-5.468212592553529
ibm,10,8.239288141022215,24.0,0.727,0.21353057896866157,0.22171968208696521,-3.8350961992687274
ibm,11,2.35882716808558,24.0,0.727,0.1987244849445071,0.20019216642202808,-0.7385509027389537
ibm,12,10.917009657738069,24.0,0.727,0.186752971958732,0.2029752917066457,-8.686512229373482
ibm,13,4.437040506274841,24.0,0.727,0.18941172531680212,0.1963497863953566,-3.662952262828598
ibm,14,12.746971915374075,24.0,0.727,0.197823182437883,0.2074706097754047,-4.876793113239414
ibm,15,8.506715151384565,24.0,0.727,0.20840584001949525,0.21834892001009193,-4.771017928128386
ibm,16,9.865465695333906,24.0,0.727,0.2009440977923913,0.2048565835599991,-1.947051847051538
ibm,17,11.905448370426948,24.0,0.727,0.19235337666072702,0.2043387213596999,-6.230899039590371
ibm,18,6.150733387440131,24.0,0.727,0.19322558418627367,0.2021735616316098,-4.630845073140045
ibm,19,7.756384247237267,24.0,0.727,0.20092836592411348,0.20456732527742688,-1.8110729844325533
ibm,20,21.05584243696926,24.0,0.727,0.21045414860583556,0.21705532919343798,-3.1366359994955135
ibm,21,20.30604233474119,24.0,0.727,0.19650179362591239,0.21852016322436368,-11.205174869990485
ibm,22,1.1550425419218406,24.0,0.727,0.2074624625717591,0.2104620049495811,-1.445824146035324
ibm,23,14.294220303770924,24.0,0.727,0.20672073141369016,0.22041093393141614,-6.622559055448151
ibm,24,7.281033141081848,24.0,0.727,0.21780243809858402,0.2217610236483158,-1.8175120463711238
ibm,25,4.666801376012824,24.0,0.727,0.2169535660818061,0.22797117374352668,-5.078325219861193
ibm,26,16.4614220775979,24.0,0.727,0.210986142538636,0.2121964685359852,-0.5736518914400036
ibm,27,14.65864277993161,24.0,0.727,0.2146267407031722,0.23302641286077866,-8.572870322367297
ibm,28,8.406060605361874,24.0,0.727,0.221185415483636,0.22147083119780747,-0.12903912020935168
ibm,29,7.603981708577748,24.0,0.727,0.19947273834199514,0.20645961627000234,-3.5026730901082983
ibm,30,19.965508767292075,24.0,0.727,0.22998203510889073,0.23902890020012296,-3.933726861295391
ibm,31,12.839102817386092,24.0,0.727,0.22679372505739748,0.22959425294547636,-1.234834820659223
ibm,32,12.285551579007121,24.0,0.727,0.21332305052750622,0.2210402277139779,-3.6176011768951457
ibm,33,20.65289374168875,24.0,0.727,0.22310760015219755,0.22488986478527406,-0.7988363605097738
ibm,34,21.31465607760617,24.0,0.727,0.2440532173633391,0.24934782660097923,-2.169448653388445
ibm,35,8.034062989716602,24.0,0.727,0.21224859392808568,0.21969361407299312,-3.5076887941269352
ibm,36,18.08909351350024,24.0,0.727,0.22502354778553427,0.23322429358587723,-3.6443945005075404
ibm,37,19.168705629691242,24.0,0.727,0.18582367371676803,0.1897368909481297,-2.1058765834789126
ibm,38,12.018780615413576,24.0,0.727,0.22757066062640027,0.22757066062640027,0.0
ibm,39,6.4768553057508065,24.0,0.727,0.1931717965760563,0.20525842865371866,-6.256934134224698
ibm,40,22.394554614757677,24.0,0.727,0.2223595917131577,0.22275228598947372,-0.17660325479577127
ibm,41,14.973581096049116,24.0,0.727,0.22547530864785303,0.2373674774928776,-5.274266577719926
ibm,42,15.927402181658774,24.0,0.727,0.20359820436988516,0.2046324648551147,-0.5079909660453337
ibm,43,5.815638419793713,24.0,0.727,0.20190175215826206,0.21122973751115517,-4.620061615701735
ibm,44,7.157876202209488,24.0,0.727,0.1999066429384239,0.20724548392125375,-3.671134122886752
ibm,45,3.6633058392059024,24.0,0.727,0.20824831958461132,0.2169150948460573,-4.161750394304949
ibm,46,23.301024839851593,24.0,0.727,0.2319687125069641,0.24338765345376628,-4.922621168774803
ibm,47,12.680193123653746,24.0,0.727,0.19920901496877497,0.20813481843829473,-4.480622260452843
ibm,48,6.194415143725788,24.0,0.727,0.19328847599612312,0.20411352766681123,-5.600464080903221
ibm,49,23.651786740395664,24.0,0.727,0.22343368589479454,0.23086405309830754,-3.3255357954447615
ibm,50,7.115992528825731,24.0,0.727,0.21322197263994552,0.21603242019342753,-1.3180853355239468
ibm,51,10.19347515540258,24.0,0.727,0.23075303245474516,0.23093903041796354,-0.08060477526112893
ibm,52,7.373784224245678,24.0,0.727,0.21629960826348058,0.21994487899537427,-1.685287717883097
ibm,53,16.55667874989033,24.0,0.727,0.21876907151897562,0.21892387964349844,-0.0707632589231825
ibm,54,21.272632103577568,24.0,0.727,0.22764542302545265,0.2558941688345024,-12.40909895468941
ibm,55,19.613648955922965,24.0,0.727,0.20694458935713061,0.20882233206215653,-0.9073649670470177
ibm,56,18.5091981122341,24.0,0.727,0.21195399323978265,0.23920966322317425,-12.8592387276032
ibm,57,7.229373361199831,24.0,0.727,0.20307870854253138,0.20423810560722655,-0.5709102017715246
ibm,58,19.81188417686151,24.0,0.727,0.2016901761677364,0.20237141267358424,-0.33776385086861377
ibm,59,10.188422177979195,24.0,0.727,0.235276977965633,0.24110637965775403,-2.4776762021197594
ibm,60,0.6833814354743266,24.0,0.727,0.21196880400300103,0.21821472064916844,-2.946620695222202
ibm,61,7.182761784232844,24.0,0.727,0.1949146118483612,0.20569309132755623,-5.52984682727656
ibm,62,4.102648446660049,24.0,0.727,0.20074474232116904,0.20844642940657365,-3.8365573097216057
ibm,63,19.37984068920904,24.0,0.727,0.21723628683648563,0.23111581228406547,-6.389137675708385
ibm,64,20.62453788212753,24.0,0.727,0.25285450789695085,0.26733123159746935,-5.725317622740739
ibm,65,20.449435619407293,24.0,0.727,0.22701831279903578,0.23060190742168804,-1.578548698767124
ibm,66,13.521644367546656,24.0,0.727,0.19607494823095314,0.2065100970776013,-5.322020452279693
ibm,67,16.46979498664623,24.0,0.727,0.21793439249582036,0.23386006480099208,-7.307553490198732
ibm,68,16.782806307501104,24.0,0.727,0.22062855113897767,0.24514125205605003,-11.110393822797393
ibm,69,9.014135591197054,24.0,0.727,0.19201893873766948,0.19201893873766948,0.0
ibm,70,10.465416464908085,24.0,0.727,0.22316773875194665,0.2321947900175169,-4.044962464580916
ibm,71,22.800397905724008,24.0,0.727,0.21740070855158342,0.22246129655393623,-2.327769783304121
ibm,72,3.064265621604286,24.0,0.727,0.1953391013699932,0.2059681219010043,-5.441317409809626
ibm,73,18.371830524697103,24.0,0.727,0.21965936293752839,0.239844087377558,-9.189102695235528
ibm,74,9.92860160323802,24.0,0.727,0.1947888404694885,0.2027391855002479,-4.081519768584856
ibm,75,22.287443430478987,24.0,0.727,0.2014563756197663,0.20247383426000962,-0.5050515959662184
ibm,76,5.543080718788257,24.0,0.727,0.20219581606801595,0.2135281725502504,-5.604644399972342
ibm,77,1.4069944577812237,24.0,0.727,0.19239903811939132,0.19814689672638663,-2.9874674339216463
ibm,78,4.8971452225681125,24.0,0.727,0.20534343163070648,0.21833046352152147,-6.324542152471237
ibm,79,14.96893708089442,24.0,0.727,0.22101894931460125,0.22933419152172477,-3.7622304480723456
ibm,80,5.5910997047143125,24.0,0.727,0.2080507220319093,0.21367307752488798,-2.7023965300713377
ibm,81,6.275478393389964,24.0,0.727,0.1969602997083848,0.20289257583849482,-3.0119146543202975
ibm,82,5.444434885540875,24.0,0.727,0.21707798153329746,0.22593151364195044,-4.078503055039202
ibm,83,13.735524879155973,24.0,0.727,0.20283615071495753,0.20739791655933226,-2.2489905415259583
ibm,84,15.061919658985822,24.0,0.727,0.20350743009020064,0.21355974977960554,-4.939534485276241
ibm,85,13.921084180861499,24.0,0.727,0.21228290755681165,0.2267831226819911,-6.830608875704644
ibm,86,4.463167492810469,24.0,0.727,0.19241783577455546,0.1980012347127858,-2.901705507576793
ibm,87,3.153803476163688,24.0,0.727,0.18804353691461767,0.1960775084451497,-4.272399712509083
ibm,88,14.52708570301266,24.0,0.727,0.20813017907895767,0.21136289637525402,-1.5532189087628465
ibm,89,13.315014997544026,24.0,0.727,0.23059086630479256,0.24300934593897983,-5.385503698907421
ibm,90,9.31269328281615,24.0,0.727,0.20657982479306528,0.2201527788802192,-6.570319294611752
ibm,91,19.887303400975785,24.0,0.727,0.2043374259064378,0.21747131576974615,-6.427549826003048
ibm,92,2.6293469547334416,24.0,0.727,0.19464346854652034,0.19689614727978832,-1.1573358973150365
ibm,93,15.065895745451646,24.0,0.727,0.20566511343629687,0.20566511343629687,0.0
ibm,94,4.689556214701917,24.0,0.727,0.20327865328752195,0.2115585273492585,-4.073164559008226
ibm,95,5.12308522151137,24.0,0.727,0.2163268715772615,0.218991106814581,-1.2315784987293992
ibm,96,11.99040827643954,24.0,0.727,0.22346454572341004,0.22346454572341004,0.0
ibm,97,7.776660665853029,24.0,0.727,0.22888144559743753,0.23741557352294868,-3.728623743718039
ibm,98,22.421360205595647,24.0,0.727,0.2091379574281998,0.22208868762356163,-6.1924341016900355
ibm,99,0.02363463392891685,24.0,0.727,0.1874833232962965,0.19012816460742277,-1.410707504339677
google,0,0.5163969836668119,12.0,0.5,0.18946934716353836,0.19335043398725196,-2.0483982669574967
google,1,8.783927301736862,12.0,0.5,0.2203750528279476,0.22760459481824227,-3.2805627939832975
google,2,1.6006915702318594,12.0,0.5,0.1843521468889513,0.20190679745280599,-9.522346693596758
google,3,4.311730053696863,12.0,0.5,0.2082757693455527,0.22072766402769928,-5.978561366630941
google,4,3.377367623460754,12.0,0.5,0.21013066635186128,0.21798100478004248,-3.7359318201732155
google,5,2.9885170981889866,12.0,0.5,0.1740750740514788,0.17710673864996987,-1.7415845519586182
google,6,8.491261659108972,12.0,0.5,0.2090800436165624,0.2138481413541273,-2.2805130777135485
google,7,9.504411127865152,12.0,0.5,0.2029298075056522,0.21829666840615386,-7.572500604709656
google,8,11.116021620710107,12.0,0.5,0.19353976889833135,0.22163265146092603,-14.51530231874576
google,9,3.065687085086536,12.0,0.5,0.19044545653188896,0.20005822991021277,-5.047520457236114
google,10,4.119644070511107,12.0,0.5,0.20752008269769434,0.2118495168047897,-2.086272350518611
google,11,1.17941358404279,12.0,0.5,0.18776974174387434,0.1905786347462375,-1.495924197517733
google,12,5.458504828869034,12.0,0.5,0.1746350861420141,0.20274318443095185,-16.095332793594594
google,13,2.2185202531374206,12.0,0.5,0.17897404018726093,0.1985194920752684,-10.920830678883382
google,14,6.373485957687038,12.0,0.5,0.19437112798137002,0.19816585610369983,-1.9523105935226786
google,15,4.253357575692283,12.0,0.5,0.1930299636982748,0.20088440289215503,-4.069025887689391
google,16,4.932732847666953,12.0,0.5,0.188929515868617,0.20250520382052267,-7.185583411618068
google,17,5.952724185213474,12.0,0.5,0.19023315001989727,0.19934279038728808,-4.788671357456889
google,18,3.0753666937200657,12.0,0.5,0.19246660042973723,0.2036706304068415,-5.821285330591402
google,19,3.8781921236186334,12.0,0.5,0.18814449512203874,0.20139059915763732,-7.040388838911596
google,20,10.52792121848463,12.0,0.5,0.2055558302453512,0.21896975280763287,-6.525683336868052
google,21,10.153021167370595,12.0,0.5,0.19832836264420597,0.22214263096149106,-12.007495044976011
google,22,0.5775212709609203,12.0,0.5,0.19012031311926492,0.20771060532428876,-9.252189793096555
google,23,7.147110151885462,12.0,0.5,0.19904270984342992,0.22038099752373982,-10.720456778896816
google,24,3.640516570540924,12.0,0.5,0.21260593707820802,0.21811648922890306,-2.591908874429956
google,25,2.333400688006412,12.0,0.5,0.21399143082689034,0.22401869460322357,-4.685824912514765
google,26,8.23071103879895,12.0,0.5,0.20015760045600042,0.20389895732612873,-1.8692054968708254
google,27,7.329321389965805,12.0,0.5,0.20689406567681826,0.23271376121428303,-12.479669464177277
google,28,4.203030302680937,12.0,0.5,0.1979392127111195,0.21824736113078816,-10.259790438444956
google,29,3.801990854288874,12.0,0.5,0.1884305204461767,0.19018015937117919,-0.928532660664309
google,30,9.982754383646038,12.0,0.5,0.2193140749223487,0.2260471745132072,-3.070071810595122
google,31,6.419551408693046,12.0,0.5,0.21465041975375634,0.21474599838169653,-0.0445275756040129
google,32,6.142775789503561,12.0,0.5,0.20240584076154627,0.2127214609725187,-5.09650322943261
google,33,10.326446870844375,12.0,0.5,0.21803412936635777,0.2228758844202563,-2.2206409005642587
google,34,10.657328038803085,12.0,0.5,0.24565082533201785,0.26728016280607503,-8.804911379729054
google,35,4.017031494858301,12.0,0.5,0.205826734821693,0.20858167932613064,-1.3384774853588572
google,36,9.04454675675012,12.0,0.5,0.21741271495069442,0.22922750326744984,-5.434267411376937
google,37,9.584352814845621,12.0,0.5,0.1846447000602635,0.1852587780358593,-0.33257276022294124
google,38,6.009390307706788,12.0,0.5,0.21366794663155914,0.21366794663155914,0.0
google,39,3.2384276528754032,12.0,0.5,0.1837485799360524,0.20373584872975953,-10.877509257847347
google,40,11.197277307378839,12.0,0.5,0.2125056730349666,0.22459376752474722,-5.6883631938577
google,41,7.486790548024558,12.0,0.5,0.21091803864256442,0.23095136091072627,-9.498155016561496
google,42,7.963701090829387,12.0,0.5,0.18166998257529277,0.20663522519275218,-13.74208455550031
google,43,2.9078192098968567,12.0,0.5,0.19290531019106463,0.19722058413113722,-2.2369907473249366
google,44,3.578938101104744,12.0,0.5,0.19453785151834377,0.20953724319778758,-7.710269010568082
google,45,1.8316529196029512,12.0,0.5,0.1966571722212938,0.21217587609624322,-7.891247341585168
google,46,11.650512419925796,12.0,0.5,0.22178401935077294,0.22715746255376754,-2.4228270453048184
google,47,6.340096561826873,12.0,0.5,0.19382725368692874,0.2109833870314556,-8.851249253233288
google,48,3.097207571862894,12.0,0.5,0.18009697646599881,0.1977319188851658,-9.791914759044476
google,49,11.825893370197832,12.0,0.5,0.2102547418383867,0.2102547418383867,0.0
google,50,3.5579962644128655,12.0,0.5,0.20400625527585395,0.21206192452132522,-3.9487363927044905
google,51,5.09673757770129,12.0,0.5,0.21826200129016574,0.2252482952603205,-3.2008750624745366
google,52,3.686892112122839,12.0,0.5,0.20580614692772642,0.21190804712538447,-2.9648775261318474
google,53,8.278339374945165,12.0,0.5,0.21406200101002346,0.22567845715064752,-5.426678292183265
google,54,10.636316051788784,12.0,0.5,0.23266746214655387,0.2602578918164842,-11.858310317818093
google,55,9.806824477961483,12.0,0.5,0.19127112998613374,0.2071874180160615,-8.321322737561916
google,56,9.25459905611705,12.0,0.5,0.20514789781663287,0.23380414645207298,-13.968580200150965
google,57,3.6146866805999154,12.0,0.5,0.19180657770675116,0.1936468197654393,-0.9594259387191794
google,58,9.905942088430756,12.0,0.5,0.20098762114067992,0.20340976010308415,-1.2051184787688345
google,59,5.0942110889895975,12.0,0.5,0.23452034168204727,0.24986028280672523,-6.540985321211582
google,60,0.3416907177371633,12.0,0.5,0.20464898870138645,0.2145527845234344,-4.83940618758643
google,61,3.591380892116422,12.0,0.5,0.1830248120680707,0.19966814714244738,-9.093485678972685
google,62,2.0513242233300244,12.0,0.5,0.19032036033581948,0.19938064438121955,-4.760543763900636
google,63,9.68992034460452,12.0,0.5,0.2076932738468218,0.23251951142808114,-11.953318045132855
google,64,10.312268941063765,12.0,0.5,0.23868998973113714,0.2724257307699792,-14.13370584867944
google,65,10.224717809703646,12.0,0.5,0.2165152573258325,0.23408491000706913,-8.114741149533023
google,66,6.760822183773328,12.0,0.5,0.19210552271691542,0.206324390452219,-7.4015923822535585
google,67,8.234897493323116,12.0,0.5,0.21600584878510773,0.22770427962164805,-5.415793554821027
google,68,8.391403153750552,12.0,0.5,0.2200838447761848,0.2435811828655725,-10.676539258610015
google,69,4.507067795598527,12.0,0.5,0.17872323048866215,0.1856918923877228,-3.8991360440425367
google,70,5.232708232454042,12.0,0.5,0.2089374329457718,0.22239006770564554,-6.438594832054471
google,71,11.400198952862004,12.0,0.5,0.20874576162322736,0.23002353298134556,-10.193151320850868
google,72,1.532132810802143,12.0,0.5,0.1810378742029202,0.19405841106209604,-7.192161815036278
google,73,9.185915262348551,12.0,0.5,0.2079553690054821,0.22768351896051825,-9.486723064368725
google,74,4.96430080161901,12.0,0.5,0.18874608134314297,0.19251617201915094,-1.997440502700503
google,75,11.143721715239494,12.0,0.5,0.19411208873809804,0.19711043833434397,-1.544648566577113
google,76,2.7715403593941286,12.0,0.5,0.1957127160249964,0.21171871273288415,-8.178312085681473
google,77,0.7034972288906118,12.0,0.5,0.1821485640180641,0.19133037807253953,-5.04083801262625
google,78,2.4485726112840562,12.0,0.5,0.1903358480127637,0.21202484867681404,-11.3951212504099
google,79,7.48446854044721,12.0,0.5,0.20791864266956192,0.22136952458839212,-6.469300562050723
google,80,2.7955498523571563,12.0,0.5,0.1926733744407396,0.20997923427568677,-8.981967480031821
google,81,3.137739196694982,12.0,0.5,0.18863298236407075,0.20518937713620644,-8.777041302448927
google,82,2.7222174427704373,12.0,0.5,0.20517766887423464,0.23466880894867256,-14.37346482989568
google,83,6.867762439577986,12.0,0.5,0.20141614432045343,0.2081441804869302,-3.340365882375572
google,84,7.530959829492911,12.0,0.5,0.20042653936773427,0.20809927586282487,-3.828203849298109
google,85,6.960542090430749,12.0,0.5,0.19158000995040952,0.22723071008772905,-18.608778727252236
google,86,2.2315837464052346,12.0,0.5,0.18412857305006192,0.18765855606471873,-1.91712940375477
google,87,1.576901738081844,12.0,0.5,0.1840047847494412,0.18721248419136205,-1.7432695819778583
google,88,7.26354285150633,12.0,0.5,0.1952071482384759,0.20009109620854346,-2.501930904754088
google,89,6.657507498772013,12.0,0.5,0.22161572251998782,0.24490532685127905,-10.509003633165385
google,90,4.656346641408075,12.0,0.5,0.20033219340217034,0.21537206571930484,-7.507466504368417
google,91,9.943651700487893,12.0,0.5,0.2031927259940515,0.2120728104286681,-4.370276736617318
google,92,1.3146734773667208,12.0,0.5,0.1833575919520396,0.195928923319426,-6.856182628464407
google,93,7.532947872725823,12.0,0.5,0.20001700722960566,0.2030871481839763,-1.5349399518043623
google,94,2.3447781073509586,12.0,0.5,0.19490967343852142,0.20991759494284148,-7.699936714046097
google,95,2.561542610755685,12.0,0.5,0.20361718098427403,0.2107997930553527,-3.5275078637069486
google,96,5.99520413821977,12.0,0.5,0.2044906468557346,0.2120311501500869,-3.687456326387397
google,97,3.8883303329265146,12.0,0.5,0.21945537872852816,0.2374710008778247,-8.209241556837076
google,98,11.210680102797824,12.0,0.5,0.21233103159678632,0.21898258549631822,-3.132633911072926
google,99,0.011817316964458424,12.0,0.5,0.17636303412451368,0.17703002191122783,-0.37819024265779383
rigetti,0,2.0655879346672474,48.0,0.8,0.3170914418196152,0.31925845009982945,-0.6834016925146215
rigetti,1,35.135709206947446,48.0,0.8,0.34387625652454495,0.34790739987500174,-1.1722656839406
rigetti,2,6.4027662809274375,48.0,0.8,0.302228040502122,0.31651677132407086,-4.7277978569458865
rigetti,3,17.24692021478745,48.0,0.8,0.32516370565027897,0.3374595633949387,-3.781436098493791
rigetti,4,13.509470493843017,48.0,0.8,0.33035150042977146,0.3499711980903447,-5.939036945510757
rigetti,5,11.954068392755946,48.0,0.8,0.2996001235455557,0.300486319419707,-0.2957928934286754
rigetti,6,33.965046636435886,48.0,0.8,0.3262193174811496,0.34102435959618554,-4.538370759080346
rigetti,7,38.01764451146061,48.0,0.8,0.32258653416694716,0.34717391778543144,-7.62194977604355
rigetti,8,44.46408648284043,48.0,0.8,0.3200183946639517,0.3324364995395234,-3.880434713326978
rigetti,9,12.262748340346144,48.0,0.8,0.31373911163306645,0.3238052843400341,-3.2084532446628864
rigetti,10,16.47857628204443,48.0,0.8,0.33432754260425956,0.3470252301271812,-3.7979783011631034
rigetti,11,4.71765433617116,48.0,0.8,0.3138371932907605,0.31820273476084,-1.391021065509901
rigetti,12,21.834019315476137,48.0,0.8,0.2941366152932034,0.3122468945025165,-6.1570978476312135
rigetti,13,8.874081012549683,48.0,0.8,0.29450092801596334,0.3040736960021086,-3.2505052023558885
rigetti,14,25.49394383074815,48.0,0.8,0.3107066276000778,0.3215053104403434,-3.4755238160432906
rigetti,15,17.01343030276913,48.0,0.8,0.32398336250815235,0.33716956244368845,-4.070023791794031
rigetti,16,19.730931390667813,48.0,0.8,0.31115495233392704,0.31484104215565123,-1.184647647120954
rigetti,17,23.810896740853895,48.0,0.8,0.2991715766131389,0.3095072575813768,-3.454767022070095
rigetti,18,12.301466774880263,48.0,0.8,0.300632145957218,0.31172157354831337,-3.688703200978874
rigetti,19,15.512768494474534,48.0,0.8,0.31215311168571314,0.3178309476369003,-1.818926590391896
rigetti,20,42.11168487393852,48.0,0.8,0.32845604855838423,0.335247978702901,-2.067835308354658
rigetti,21,40.61208466948238,48.0,0.8,0.3081875181908178,0.3295274456017439,-6.924332152126047
rigetti,22,2.3100850838436813,48.0,0.8,0.32472847681995665,0.33124088366680965,-2.005492992369671
rigetti,23,28.58844060754185,48.0,0.8,0.32402449586595,0.33451120781657245,-3.236394804842421
rigetti,24,14.562066282163697,48.0,0.8,0.3431316047051271,0.3460630597446649,-0.8543238219216089
rigetti,25,9.333602752025648,48.0,0.8,0.33698008862874945,0.3517327628630348,-4.377906805804879
rigetti,26,32.9228441551958,48.0,0.8,0.32315344784569117,0.323262920925915,-0.0338765007626125
rigetti,27,29.31728555986322,48.0,0.8,0.33196314413349176,0.3571983780168931,-7.601817951589686
rigetti,28,16.81212121072375,48.0,0.8,0.34239299466010453,0.3433114081960116,-0.2682337402430684
rigetti,29,15.207963417155495,48.0,0.8,0.31286608424741946,0.3208043391854332,-2.537269246396186
rigetti,30,39.93101753458415,48.0,0.8,0.35849449983223775,0.3671928165249294,-2.4263459263007268
rigetti,31,25.678205634772183,48.0,0.8,0.3484302303042685,0.3601879030785857,-3.374469765166406
rigetti,32,24.571103158014242,48.0,0.8,0.33770418199586244,0.34336020127693956,-1.6748443112695643
rigetti,33,41.3057874833775,48.0,0.8,0.34432941259902333,0.34834212636454487,-1.1653706069525929
rigetti,34,42.62931215521234,48.0,0.8,0.3741568504500341,0.3805544359577711,-1.7098672655711145
rigetti,35,16.068125979433205,48.0,0.8,0.33123118134209895,0.33462049657734605,-1.0232476367454622
rigetti,36,36.17818702700048,48.0,0.8,0.3435676552833964,0.3576275844357484,-4.0923320155835015
rigetti,37,38.337411259382485,48.0,0.8,0.28506001266972525,0.29345836274689335,-2.9461691236569743
rigetti,38,24.03756123082715,48.0,0.8,0.3640120540067575,0.3640120540067575,0.0
rigetti,39,12.953710611501613,48.0,0.8,0.30403493829502976,0.315995039523157,-3.933791719858651
rigetti,40,44.789109229515354,48.0,0.8,0.3410823548074975,0.3437097957150475,-0.7703244892374775
rigetti,41,29.947162192098233,48.0,0.8,0.3515083615827354,0.35995548415547296,-2.403107150766692
rigetti,42,31.854804363317548,48.0,0.8,0.3182694303139963,0.3199873626809924,-0.5397729732639626
rigetti,43,11.631276839587427,48.0,0.8,0.3166905174175833,0.32452767397194787,-2.4747051532429087
rigetti,44,14.315752404418976,48.0,0.8,0.30884763592440195,0.3216035223356745,-4.130155108065934
rigetti,45,7.326611678411805,48.0,0.8,0.32458104863946813,0.3382028553733164,-4.196735080789896
rigetti,46,46.602049679703185,48.0,0.8,0.3638369790160529,0.37560865778810004,-3.2354267023330183
rigetti,47,25.360386247307492,48.0,0.8,0.3068779173195147,0.322932862578115,-5.231704320348418
rigetti,48,12.388830287451576,48.0,0.8,0.30564782421844267,0.31714538510033613,-3.761702184955291
rigetti,49,47.30357348079133,48.0,0.8,0.34817909863698177,0.3579580898874803,-2.80860950263252
rigetti,50,14.231985057651462,48.0,0.8,0.33024677722132617,0.33385028953807894,-1.0911574511256317
rigetti,51,20.38695031080516,48.0,0.8,0.3548178546188689,0.3606752080064822,-1.650805705340003
rigetti,52,14.747568448491355,48.0,0.8,0.3406058969250435,0.34806939101613005,-2.1912404213979357
rigetti,53,33.11335749978066,48.0,0.8,0.3336843458974621,0.348320756956548,-4.386304373889791
rigetti,54,42.545264207155135,48.0,0.8,0.34609586147584653,0.38441746723261366,-11.072540883139549
rigetti,55,39.22729791184593,48.0,0.8,0.3203526327587671,0.32120675807189525,-0.2666203507593301
rigetti,56,37.0183962244682,48.0,0.8,0.3303249872179961,0.3621658572856299,-9.639255672360205
rigetti,57,14.458746722399662,48.0,0.8,0.31626312205361273,0.3220826070484235,-1.8400770083539046
rigetti,58,39.62376835372302,48.0,0.8,0.3072446904258183,0.31370319751899306,-2.102072808556508
rigetti,59,20.37684435595839,48.0,0.8,0.3647756942482872,0.3708134363995316,-1.6551931081062616
rigetti,60,1.3667628709486532,48.0,0.8,0.3330412250101052,0.33838919093065234,-1.605796976150589
rigetti,61,14.365523568465688,48.0,0.8,0.30105401873624626,0.3144566826080191,-4.451913290523102
rigetti,62,8.205296893320098,48.0,0.8,0.31140091444770357,0.3224460776809135,-3.546927038669579
rigetti,63,38.75968137841808,48.0,0.8,0.3364336417331577,0.3508447947826678,-4.283505351982688
rigetti,64,41.24907576425506,48.0,0.8,0.39035932251306144,0.40824913031090715,-4.582907789334818
rigetti,65,40.898871238814586,48.0,0.8,0.34745147014741806,0.35739313703826014,-2.8613109297318537
rigetti,66,27.043288735093313,48.0,0.8,0.311834119200828,0.31912363515425346,-2.337626162302935
rigetti,67,32.93958997329246,48.0,0.8,0.33444919094035086,0.35733183593066786,-6.841889772846881
rigetti,68,33.56561261500221,48.0,0.8,0.3385946306966433,0.3730316340178227,-10.170569819824605
rigetti,69,18.028271182394107,48.0,0.8,0.3008303008028451,0.3008303008028451,0.0
rigetti,70,20.93083292981617,48.0,0.8,0.35831619665858244,0.3623839154555219,-1.1352316291790006
rigetti,71,45.600795811448016,48.0,0.8,0.3403282000107133,0.3487905293653637,-2.4865201750498556
rigetti,72,6.128531243208572,48.0,0.8,0.3074071092144534,0.32404174564820465,-5.411272522701021
rigetti,73,36.743661049394206,48.0,0.8,0.3461245493026722,0.36678675908693176,-5.969588064726159
rigetti,74,19.85720320647604,48.0,0.8,0.30247983600016004,0.31500512526780683,-4.140867514765566
rigetti,75,44.574886860957974,48.0,0.8,0.3089584408397654,0.3118325491193763,-0.9302572448899268
rigetti,76,11.086161437576514,48.0,0.8,0.3192580007257268,0.33331822766481434,-4.404032759437913
rigetti,77,2.8139889155624473,48.0,0.8,0.30659233628254623,0.30987318175138506,-1.0701002864648597
rigetti,78,9.794290445136225,48.0,0.8,0.3209312187008759,0.338758320452495,-5.554804491686075
rigetti,79,29.93787416178884,48.0,0.8,0.337604850844648,0.3465527655273596,-2.65041057920968
rigetti,80,11.182199409428625,48.0,0.8,0.32598233326032583,0.34064093663172207,-4.496747791448576
rigetti,81,12.550956786779928,48.0,0.8,0.30523597632378074,0.3136561023792503,-2.7585627870214915
rigetti,82,10.88886977108175,48.0,0.8,0.3307855347350012,0.34268769653280173,-3.5981506287255183
rigetti,83,27.471049758311946,48.0,0.8,0.313865646392884,0.32093026405813563,-2.250841322216077
rigetti,84,30.123839317971644,48.0,0.8,0.3174515758449279,0.3323185739265671,-4.683233353644338
rigetti,85,27.842168361722997,48.0,0.8,0.3306411279023573,0.3498664534745423,-5.814559638770205
rigetti,86,8.926334985620938,48.0,0.8,0.3014780088283093,0.3090503950555985,-2.511754093348042
rigetti,87,6.307606952327376,48.0,0.8,0.29354913108509284,0.30200925454706246,-2.882012776088657
rigetti,88,29.05417140602532,48.0,0.8,0.3251767727065659,0.3273381734498079,-0.66468484979781
rigetti,89,26.63002999508805,48.0,0.8,0.3513509049126945,0.36462250608610103,-3.7773066720019775
rigetti,90,18.6253865656323,48.0,0.8,0.3230150977983159,0.33334417867129457,-3.1977083868160086
rigetti,91,39.77460680195157,48.0,0.8,0.3203940861875386,0.33542009025765357,-4.689850630176635
rigetti,92,5.258693909466883,48.0,0.8,0.30668764132661835,0.3093393905789303,-0.8646417054307877
rigetti,93,30.131791490903293,48.0,0.8,0.316459427904409,0.316459427904409,0.0
rigetti,94,9.379112429403834,48.0,0.8,0.31728778908727046,0.3267217655106954,-2.973318466040981
rigetti,95,10.24617044302274,48.0,0.8,0.33960960789852856,0.3501953550770041,-3.117034068611641
rigetti,96,23.98081655287908,48.0,0.8,0.3507440560944583,0.3509096147260383,-0.04720212037903624
rigetti,97,15.553321331706059,48.0,0.8,0.3535945677542705,0.3644086218936279,-3.0583202134690515
rigetti,98,44.842720411191294,48.0,0.8,0.3273441023245274,0.3427311652443028,-4.700577407843679
rigetti,99,0.0472692678578337,48.0,0.8,0.2997325703958146,0.3003171376801263,-0.19502961708157557
